MM1;;;;;;;;;;;;;;;;;;;;;;;;;;;;;;;;;;;;;;;;;;;;;;;;;;;;;;;;;;;;EPAM;1,149768614;DP;0,678651251;;;;;;;;;
serie;2;2;2;3;6;6;6;9;10;9;12;11;14;14;14;15;16;19;20;19;21;23;22;25;25;25;27;27;29;29;31;31;33;33;36;35;38;38;38;41;42;42;44;43;45;47;48;47;48;49;50;52;54;54;55;57;58;59;59;59;60;62;62;65;64;66;68;68;70;70;70;73
projecao;0;2,966101695;3,828637288;4,590883642;5,363805225;6,362583456;7,259445839;8,057227649;9,080885737;10,10964413;10,92836446;11,97192984;12,80510527;13,86269166;14,81658343;15,6693302;16,5312482;17,40254701;18,49773947;19,59566668;20,4808644;21,48074402;22,59204154;23,48931395;24,60720321;25,61749131;26,52265817;27,54018947;28,45250788;29,47705022;30,39619631;31,42734583;32,35284693;33,39007282;34,32135003;35,47123473;36,40424885;37,55502687;38,59536706;39,52778706;40,67702917;41,82219745;42,85531976;43,99353155;44,91179895;45,93798048;47,06926977;48,19508721;49,10055594;50,00647822;50,91357112;51,82247119;52,84093724;53,96606172;54,97996127;55,99264568;57,11133263;58,22545592;59,33454339;60,3310105;61,21794653;62,2367857;63,25562486;64,27446403;65,2933032;66,31214237;67,33098154;68,34982071;69,36865988;70,38749905;71,40633822;72,42517739
;;;;;;;;;;;;;;;;;;;;;;;;;;;;;;;;;;;;;;;;;;;;;;;;;;;;;;;;;;;;ERROS PERCENTUAIS;2,03;0,38;2,03;1,12;2,02;0,47;0,98;0,51;0,90;0,55;2,01;0,79
;;;;;;;;;;;;;;;;;;;;;;;;;;;;;;;;;;;;;;;;;;;;;;;;;;;;;;;;;;;;;;;;;;;;;;;;
MM2;;;;;;;;;;;;;;;;;;;;;;;;;;;;;;;;;;;;;;;;;;;;;;;;;;;;;;;;;;;;EPAM;3,572134429;DP;1,358480892;;;;;;;;;
serie;2;4;6;8;62;13;65;16;69;20;74;25;77;29;82;34;85;38;88;40;93;45;98;49;102;52;50;106;57;108;60;113;64;117;68;120;74;126;78;129;82;132;85;137;89;140;92;144;96;148;100;154;105;156;109;160;114;166;118;168;123;170;127;174;132;180;136;188;141;190;145;194
projecao;0;0;6,827586207;8,819227586;11,50736718;14,0185021;24,83739505;19,08978032;36,41475513;23,74313853;46,71538795;28,23870324;56,1331973;32,75920416;64,46851611;37,16178752;72,2509556;41,61954715;79,22532635;45,96190481;85,50778629;49,89741915;91,58533734;54,00182857;97,4806777;58,06979507;103,0459598;61,37619657;99,41743056;73,32506377;97,47870338;83,64687437;96,31734681;93,12299666;95,96926101;101,7191676;96,29605308;109,428305;97,56014803;116,8761114;99,23944885;123,5968591;101,2709528;129,6990474;103,4528457;135,6321961;105,9098528;141,0748697;108,4418204;146,2872273;111,2068565;151,3057512;114,1878747;156,5082449;117,4752454;161,176697;120,8740749;165,7468231;124,5553731;170,5596348;128,2606708;174,9631552;133,0952337;179,7977181;137,9297966;184,632281;142,7643595;189,466844;147,5989224;194,3014069;152,4334854;199,1359698
;;;;;;;;;;;;;;;;;;;;;;;;;;;;;;;;;;;;;;;;;;;;;;;;;;;;;;;;;;;;ERROS PERCENTUAIS;4,28;2,92;4,80;3,33;4,49;2,57;4,97;0,78;4,68;2,26;5,13;2,65
;;;;;;;;;;;;;;;;;;;;;;;;;;;;;;;;;;;;;;;;;;;;;;;;;;;;;;;;;;;;;;;;;;;;;;;;
MM3;;;;;;;;;;;;;;;;;;;;;;;;;;;;;;;;;;;;;;;;;;;;;;;;;;;;;;;;;;;;EPAM;2,032592986;DP;1,011060501;;;;;;;;;
serie;2;4;6;8;10;13;98;18;18;103;26;28;109;28;31;115;34;40;121;40;44;126;47;52;134;54;54;138;62;60;145;64;66;149;73;74;158;76;79;164;86;88;168;92;93;173;96;100;178;104;104;188;107;112;191;116;117;196;121;124;201;126;129;206;131;134;211;136;139;216;141;144
projecao;0;0;0;9,526315789;11,34911053;13,15264195;16,36395581;27,78866904;30,87807856;46,39163446;43,1382946;45,8104708;71,56265322;55,91135993;57,29986636;89,89428717;62,85872122;63,61221857;103,2189476;66,76153454;67,61699999;112,3993646;68,12041024;69,12875128;119,2706195;69,42400163;71,06101497;125,3841013;70,43835369;72,12946764;131,0098067;72,95057034;73,87311365;136,8655931;75,17677065;76,92023966;143,4552488;80,14623593;81,79938698;151,0865128;85,06503968;87,65998008;159,887766;91,93511287;94,58742074;167,9453625;98,63801994;100,8281322;175,2629531;104,6079468;107,2782405;181,9816492;111,1905786;113,1117835;189,3824443;116,6127086;119,3014033;195,82855;122,5323548;124,7968212;201,7631111;128,1426199;130,6312949;207,7853158;134,1648247;136,6534996;213,8075206;140,1870294;142,6757044;219,8297253;146,2092342;148,6979091
;;;;;;;;;;;;;;;;;;;;;;;;;;;;;;;;;;;;;;;;;;;;;;;;;;;;;;;;;;;;ERROS PERCENTUAIS;0,38;1,70;1,26;0,87;2,42;1,98;1,33;3,08;2,64;1,77;3,69;3,26
;;;;;;;;;;;;;;;;;;;;;;;;;;;;;;;;;;;;;;;;;;;;;;;;;;;;;;;;;;;;;;;;;;;;;;;;
MM4;;;;;;;;;;;;;;;;;;;;;;;;;;;;;;;;;;;;;;;;;;;;;;;;;;;;;;;;;;;;EPAM;2,088325784;DP;1,942076209;;;;;;;;;
serie;2;4;6;8;10;12;14;17;121;21;23;26;126;28;33;35;134;36;40;42;144;46;48;49;153;55;57;60;161;64;64;67;169;70;71;75;176;77;78;84;184;86;87;88;190;93;96;97;199;101;104;104;210;111;112;113;217;117;122;124;227;127;132;134;237;137;142;144;247;147;152;154
projecao;0;0;0;0;12;13,8194;15,61450818;17,39118427;20,947952;31,89127583;34,85108873;37,65468031;56,70175284;49,69243844;52,24258059;54,89717684;85,58493106;63,32231249;65,47654819;67,10445912;106,9939543;71,83276705;73,56594376;74,44117224;122,7405137;76,81106991;78,00152713;78,44354683;134,8917479;80,21011676;81,31329782;81,86918924;144,7445307;83,14624763;83,87195889;84,76479929;153,5851882;86,02130933;86,88894235;88,41615639;162,4010711;90,08761772;91,40569147;94,08867973;171,9700063;95,65456388;97,12470752;99,95262547;181,8716858;102,6263109;104,6279957;107,4606933;192,5639231;110,7873412;113,3415721;115,9635973;204,4819376;119,9692888;122,175959;124,7683269;215,9186781;128,1458015;130,9568004;133,4577441;224,7762052;137,0033286;139,8143275;142,3152712;233,6337324;145,8608558;148,6718546;151,1727983
;;;;;;;;;;;;;;;;;;;;;;;;;;;;;;;;;;;;;;;;;;;;;;;;;;;;;;;;;;;;ERROS PERCENTUAIS;4,88;0,90;0,79;0,40;5,16;0,00;1,54;1,17;5,41;0,77;2,19;1,84
;;;;;;;;;;;;;;;;;;;;;;;;;;;;;;;;;;;;;;;;;;;;;;;;;;;;;;;;;;;;;;;;;;;;;;;;
MM5;;;;;;;;;;;;;;;;;;;;;;;;;;;;;;;;;;;;;;;;;;;;;;;;;;;;;;;;;;;;EPAM;0,640964212;DP;0,473651134;;;;;;;;;
serie;205;6;10;11;14;212;15;18;19;20;224;28;26;29;33;235;35;36;41;42;244;45;48;49;52;254;58;56;58;63;262;65;67;70;72;272;77;79;81;83;286;87;90;92;93;296;96;98;99;104;304;108;109;108;113;314;114;119;121;122;324;124;129;131;132;334;134;139;141;142;344;144
projecao;0;0;0;0;0;214,8909091;15,62812545;19,56842703;20,42268988;23,28878866;223,5855077;24,84087067;29,02546533;29,75943604;32,49528111;233,5043784;35,13301824;38,40051587;39,41639819;42,49060395;243,5093611;44,88367076;47,94600266;49,58317992;52,25437578;253,3924569;54,73976586;58,08158558;59,4636327;62,08856248;263,4189555;64,84870068;67,37248882;68,96823863;72,05577114;273,0652453;74,68372751;77,35160112;79,27328414;82,31861389;283,2981606;85,60233753;88,12802249;90,08520874;93,05053866;294,1735117;96,27462324;98,7020407;100,4342936;102,9009049;304,3156985;106,0122272;108,6010472;110,3606532;112,9982129;314,1723689;116,1122446;118,1692021;119,6880062;122,8924583;323,9677684;125,7282001;128,2709834;129,763561;132,6284648;333,8734312;135,6338629;138,1766462;139,6692238;142,5341276;343,779094;145,5395257
;;;;;;;;;;;;;;;;;;;;;;;;;;;;;;;;;;;;;;;;;;;;;;;;;;;;;;;;;;;;ERROS PERCENTUAIS;0,01;1,39;0,57;0,94;0,48;0,04;1,22;0,59;0,94;0,38;0,06;1,07
;;;;;;;;;;;;;;;;;;;;;;;;;;;;;;;;;;;;;;;;;;;;;;;;;;;;;;;;;;;;;;;;;;;;;;;;
MM6;;;;;;;;;;;;;;;;;;;;;;;;;;;;;;;;;;;;;;;;;;;;;;;;;;;;;;;;;;;;EPAM;2,328178487;DP;1,428768065;;;;;;;;;
serie;302;5;9;11;10;16;317;20;22;24;22;27;328;32;32;34;35;40;339;41;43;44;49;49;352;53;55;59;59;60;366;64;70;70;70;72;378;79;79;83;82;86;386;92;92;95;94;98;401;100;103;107;110;110;412;113;118;117;121;124;422;123;128;127;131;134;432;133;138;137;141;144
projecao;0;0;0;0;0;0;314,0740741;17,25987037;21,4733686;23,58330145;22,69336308;28,73856123;327,2268437;30,30409382;34,14216547;36,07915624;34,83920928;40,7232896;339,6128675;42,71111384;45,69949227;47,51471487;46,42060264;52,20102499;350,8598428;53,77881522;56,5761694;58,25140351;58,28207582;63,05098434;362,3393734;65,08892143;67,74162194;70,0057637;70,02768781;74,21000788;374,59553;76,64180025;80,05364378;81,84132005;81,96713902;85,87059642;387,3078944;88,97730099;91,93052769;94,15255346;94,12940511;98,07495193;399,3163323;101,8667227;104,1337362;106,4047587;106,2080189;110,3983508;411,9269445;113,8714748;116,3274303;119,0672235;119,2529724;122,7062269;424,4160248;126,2372918;129,1592388;131,2600982;132,1700253;135,4844997;436,9329555;138,7542224;141,6761694;143,7770288;144,6869559;148,0014303
;;;;;;;;;;;;;;;;;;;;;;;;;;;;;;;;;;;;;;;;;;;;;;;;;;;;;;;;;;;;ERROS PERCENTUAIS;0,57;2,63;0,91;3,35;0,89;1,11;1,14;4,33;2,66;4,95;2,61;2,78
;;;;;;;;;;;;;;;;;;;;;;;;;;;;;;;;;;;;;;;;;;;;;;;;;;;;;;;;;;;;;;;;;;;;;;;;
MM7;;;;;;;;;;;;;;;;;;;;;;;;;;;;;;;;;;;;;;;;;;;;;;;;;;;;;;;;;;;;EPAM;2,515402662;DP;1,394566935;;;;;;;;;
serie;405;7;8;11;10;13;14;416;22;23;26;25;28;31;431;34;38;37;40;43;45;446;50;52;50;56;54;56;460;60;65;67;70;71;73;475;74;76;81;80;86;87;489;92;93;92;94;96;99;503;103;104;108;110;114;113;516;117;118;120;122;126;125;528;129;130;132;134;138;137;540;141
projecao;0;0;0;0;0;0;0;0;0;0;0;8,005830904;12,55060087;14,97024601;418,4565499;25,64037546;27,45518043;31,47614329;32,48372565;36,01893705;37,82168055;440,0565321;46,084037;47,85992021;50,61048341;51,38762939;54,61250737;55,78266058;457,2270752;62,68701858;63,90831429;65,6971459;67,41296768;69,69902807;71,16814732;473,1373416;77,72695431;79,41046024;80,82641799;82,62813845;84,25344623;85,83622827;487,7454435;91,46159504;93,57401928;95,76860051;96,80555332;99,04964855;100,1094023;501,8186873;105,4153465;107,088677;108,5782577;110,031882;112,4818847;114,2311653;516,2588385;119,196733;120,7864211;122,6637132;124,0023133;126,6740081;127,8781399;530,1510735;132,8232239;134,5198543;136,6633932;138,6295641;141,3012589;142,5053907;544,7783244;147,4504748
;;;;;;;;;;;;;;;;;;;;;;;;;;;;;;;;;;;;;;;;;;;;;;;;;;;;;;;;;;;;ERROS PERCENTUAIS;1,64;0,53;2,30;0,41;2,96;3,48;3,53;3,45;2,39;4,02;0,88;4,57
;;;;;;;;;;;;;;;;;;;;;;;;;;;;;;;;;;;;;;;;;;;;;;;;;;;;;;;;;;;;;;;;;;;;;;;;
MM8;;;;;;;;;;;;;;;;;;;;;;;;;;;;;;;;;;;;;;;;;;;;;;;;;;;;;;;;;;;;EPAM;2,110175759;DP;1,145835623;;;;;;;;;
serie;506;4;7;9;14;12;15;19;522;20;25;27;26;28;34;34;535;40;42;40;46;45;46;51;552;54;55;58;59;62;65;65;567;68;74;76;76;78;79;84;585;87;90;92;90;95;95;99;600;100;104;105;107;109;112;115;618;118;119;124;122;124;127;130;633;133;134;139;137;139;142;145
projecao;0;0;0;0;0;0;0;0;0;0;0;0;14;13,0908;17,45684628;22,98483723;527,0252226;25,79915067;32,14620594;35,11089465;40,38036157;39,39701366;43,23153389;46,77065978;549,8072661;49,01174753;53,93286772;55,41212008;60,60699311;58,99047064;62,19618631;65,96854127;568,2534748;67,56438979;71,51032453;73,34577439;77,94265248;76,9745917;79,97650393;82,8606928;585,2970608;84,94405904;89,34042896;91,03901433;94,81655787;94,02177124;96,72769241;99,85139386;601,8967294;101,7381806;105,5821796;107,1132872;109,7605628;109,9840141;112,1070626;115,4933798;617,4082279;117,4884607;121,5514047;122,9108371;125,7478563;126,4766747;128,8151052;132,1540431;634,2709705;134,2854063;137,8550311;139,9751368;142,5555492;143,2843676;145,6227981;148,961736
;;;;;;;;;;;;;;;;;;;;;;;;;;;;;;;;;;;;;;;;;;;;;;;;;;;;;;;;;;;;ERROS PERCENTUAIS;3,07;2,00;1,43;1,66;0,20;0,97;2,88;0,70;4,06;3,08;2,55;2,73
;;;;;;;;;;;;;;;;;;;;;;;;;;;;;;;;;;;;;;;;;;;;;;;;;;;;;;;;;;;;;;;;;;;;;;;;
MM9;;;;;;;;;;;;;;;;;;;;;;;;;;;;;;;;;;;;;;;;;;;;;;;;;;;;;;;;;;;;EPAM;1,025590677;DP;0,741696552;;;;;;;;;
serie;605;8;9;10;10;14;15;18;22;622;22;25;29;29;34;33;38;39;642;41;46;46;50;51;50;54;55;656;62;64;62;65;67;72;73;73;674;77;82;81;84;86;89;90;92;692;95;99;102;101;106;105;109;108;712;112;114;119;118;121;125;129;128;732;132;134;139;138;141;145;149;148
projecao;0;0;0;0;0;0;0;0;0;0;0;0;0;0;0;9,059259259;19,07150222;28,68508737;631,8306461;34,96348387;39,91530461;45,89874295;46,14727782;52,49491047;52,97938849;54,9412774;58,210224;657,4732193;56,92426713;61,61576815;66,06257881;65,38832886;70,06784571;69,95511237;73,52266583;76,72646703;675,9645768;75,77234404;79,11427703;83,18105903;83,32289998;88,08870192;88,64864525;91,5090575;94,15823696;693,9749336;94,01517734;97,40164604;100,6811043;102,0530332;106,0879488;107,4113426;109,3099262;112,2442821;711,4524215;112,4447457;115,4498057;117,7998816;118,9281826;123,0511052;123,5944607;126,3341813;129,0297683;729,833928;130,5793001;133,6254772;136,5977962;137,2032026;141,5016497;142,800017;145,5397376;148,2353247
;;;;;;;;;;;;;;;;;;;;;;;;;;;;;;;;;;;;;;;;;;;;;;;;;;;;;;;;;;;;ERROS PERCENTUAIS;1,12;2,07;0,80;0,30;1,08;0,28;1,73;0,58;0,36;1,52;2,32;0,16
;;;;;;;;;;;;;;;;;;;;;;;;;;;;;;;;;;;;;;;;;;;;;;;;;;;;;;;;;;;;;;;;;;;;;;;;
MM10;;;;;;;;;;;;;;;;;;;;;;;;;;;;;;;;;;;;;;;;;;;;;;;;;;;;;;;;;;;;EPAM;0,586124289;DP;0,569298351;;;;;;;;;
serie;706;4;8;11;12;14;17;19;20;23;722;26;29;29;30;33;36;38;39;41;745;45;47;51;52;52;58;60;62;61;763;64;67;71;70;74;77;79;81;84;782;86;90;91;92;93;98;97;98;103;806;106;108;112;111;113;114;117;120;122;826;126;128;132;131;133;134;137;140;142;846;146
projecao;0;0;0;0;0;0;0;0;0;0;725,9;23,86061;27,88182784;30,89294532;31,87376233;33,85458379;36,84551158;38,83644554;39,82738651;42,81833534;745,0814328;44,03629061;47,88329588;50,39654267;51,40471694;53,57126828;56,55599614;58,57102014;59,58603569;62,45274124;764,9949661;64,09639378;67,64028109;70,39153274;71,39853581;73,20184135;76,68799365;78,68931574;79,84905591;82,09040483;784,5804606;83,97680462;87,45598545;90,4374496;91,12664742;93,30141866;96,70024911;98,71201845;99,9852057;102,3156268;804,0823463;104,2534812;107,812956;110,4573138;111,2059693;113,1841809;116,838138;118,3313795;119,5650536;122,3427329;824,2946256;124,4193771;127,7140921;130,5710207;131,0268156;133,010112;136,2451164;138,0052859;139,532069;142,1821802;844,1917891;144,3165406
;;;;;;;;;;;;;;;;;;;;;;;;;;;;;;;;;;;;;;;;;;;;;;;;;;;;;;;;;;;;ERROS PERCENTUAIS;0,21;1,25;0,22;1,08;0,02;0,01;1,68;0,73;0,33;0,13;0,21;1,15
;;;;;;;;;;;;;;;;;;;;;;;;;;;;;;;;;;;;;;;;;;;;;;;;;;;;;;;;;;;;;;;;;;;;;;;;
MM2;;;;;;;;;;;;;;;;;;;;;;;;;;;;;;;;;;;;;;;;;;;;;;;;;;;;;;;;;;;;EPAM;154,9616658;DP;176,9183466;;;;;;;;;
serie;0;0;0;0;52;1;51;0;51;0;52;1;51;1;52;2;51;2;50;0;51;1;52;1;52;0;52;1;50;0;0;51;0;51;0;50;2;52;2;51;2;50;1;51;1;50;0;50;0;50;0;52;1;50;1;50;2;52;2;50;2;51;2;50;1;51;1;50;1;50;1;50
projecao;0;0;0;0;0;0;51,98148148;0,96882037;51,77949111;0,765785315;51,60399486;0,603142662;51,63930554;0,627532126;51,49854908;0,660982505;51,56743323;0,85408595;51,45830144;1,006533765;51,16956902;0,798837971;51,10661702;0,80841347;51,22889097;0,821091943;51,32309407;0,661730241;51,41555286;0,67650035;51,13630281;-0,13314841;42,85190868;7,888798069;35,9071546;14,65093999;30,07354896;20,20375378;25,55548917;25,23814834;21,76822335;29,31800348;18,587966;32,57583623;15,76368333;35,49473313;13,38568688;37,76996514;11,2168881;39,68332279;9,394508968;41,29275849;7,889405341;43,0078949;6,780379354;44,11230443;5,85089447;45,05624419;5,271771464;46,20343377;4,770871536;46,86588629;4,793982303;46,88899706;4,817093069;46,91210782;4,840203835;46,93521859;4,863314601;46,95832935;4,886425367;46,98144012
;;;;;;;;;;;;;;;;;;;;;;;;;;;;;;;;;;;;;;;;;;;;;;;;;;;;;;;;;;;;ERROS PERCENTUAIS;138,54;8,11;139,70;6,22;381,71;8,02;384,02;6,13;386,33;6,08;388,64;6,04
;;;;;;;;;;;;;;;;;;;;;;;;;;;;;;;;;;;;;;;;;;;;;;;;;;;;;;;;;;;;;;;;;;;;;;;;
MM3;;;;;;;;;;;;;;;;;;;;;;;;;;;;;;;;;;;;;;;;;;;;;;;;;;;;;;;;;;;;EPAM;28,43706902;DP;24,37381976;;;;;;;;;
serie;0;0;0;0;0;1;84;2;0;83;4;4;83;0;1;83;0;4;83;0;2;82;1;4;84;2;0;82;4;0;83;0;0;81;3;2;84;0;1;84;4;4;82;4;3;81;2;4;80;4;2;84;1;4;81;4;3;80;3;4;84;4;4;82;4;3;81;2;4;80;4;2
projecao;0;0;0;0;0;0;0;0;0;84,00653595;1,902661438;0,095755144;84,53432755;2,52042569;0,357229999;84,40569154;2,316834802;0,127577435;84,41904292;2,323903401;0,194025563;84,22655597;1,994818638;-0,023574827;84,16787538;2,17853691;0,356925374;84,14305679;1,933464078;0,279761242;84,04736763;1,981312552;-0,094559937;83,62785858;1,32203295;-0,461842837;83,45998933;1,555778674;-0,446036177;83,38683282;1,480872878;-0,061115545;84,14018452;2,134500618;0,642253454;84,69855906;2,617230225;0,885466775;84,91872816;2,711956962;1,154972872;84,8681405;3,071864977;1,193409002;85,04464538;2,906385073;1,32269829;84,99100965;2,772806032;1,053568367;84,71989834;3,022611088;1,378572105;84,78208038;3,084793124;1,440754142;84,84426242;3,146975161;1,502936179;84,90644445;3,209157198;1,565118215
;;;;;;;;;;;;;;;;;;;;;;;;;;;;;;;;;;;;;;;;;;;;;;;;;;;;;;;;;;;;ERROS PERCENTUAIS;0,86;24,43;65,54;3,39;22,88;51,97;4,75;57,35;62,43;6,13;19,77;21,74
;;;;;;;;;;;;;;;;;;;;;;;;;;;;;;;;;;;;;;;;;;;;;;;;;;;;;;;;;;;;;;;;;;;;;;;;
MM4;;;;;;;;;;;;;;;;;;;;;;;;;;;;;;;;;;;;;;;;;;;;;;;;;;;;;;;;;;;;EPAM;130,13894;DP;131,3874539;;;;;;;;;
serie;0;0;0;0;0;0;0;1;103;1;1;2;100;0;3;3;100;0;2;2;102;2;2;1;103;3;3;4;103;4;2;3;103;2;1;3;102;1;0;4;102;2;1;0;100;1;2;1;101;1;2;0;104;3;2;1;103;1;4;4;102;2;1;1;100;1;2;1;101;1;2;1
projecao;0;0;0;0;0;0;0;0;0;0;0;0;103,0520833;0,697736458;0,537069881;1,725145771;102,9159612;0,598528567;0,481380753;1,554838648;102,5923718;0,525323012;0,688312582;1,802260063;102,754408;0,839781132;1,139073984;2,373638863;103,707708;1,853635984;2,277525451;3,390248691;104,5417029;2,636896176;2,71394449;3,584583356;104,5912162;2,455941708;2,283852386;2,932979733;103,9326064;1,746737367;1,645352256;2,439612218;102,9719969;0,560997604;0,321522946;1,222622995;101,9215787;-0,24844037;-0,35725751;0,65187782;101,3588816;-0,324719668;-0,036362651;1,108352439;102,1002692;0,426743052;0,544510422;1,923235288;103,303823;1,705703977;1,942498377;3,051886343;104,2266666;2,62854765;2,865342049;3,974730015;105,1495103;3,551391322;3,788185721;4,897573687
;;;;;;;;;;;;;;;;;;;;;;;;;;;;;;;;;;;;;;;;;;;;;;;;;;;;;;;;;;;;ERROS PERCENTUAIS;1,28;14,71;94,25;205,19;4,23;162,85;43,27;297,47;4,11;255,14;89,41;389,76
;;;;;;;;;;;;;;;;;;;;;;;;;;;;;;;;;;;;;;;;;;;;;;;;;;;;;;;;;;;;;;;;;;;;;;;;
MM5;;;;;;;;;;;;;;;;;;;;;;;;;;;;;;;;;;;;;;;;;;;;;;;;;;;;;;;;;;;;EPAM;41,130324;DP;35,6007106;;;;;;;;;
serie;203;2;4;3;4;200;1;2;1;0;202;4;0;1;3;203;1;0;3;2;202;1;2;1;2;202;4;0;0;3;200;1;1;2;2;200;3;3;3;3;204;3;4;4;3;204;2;2;1;4;202;4;3;0;3;202;0;3;3;2;204;3;4;4;3;204;2;2;1;4;202;4
projecao;0;0;0;0;0;202,8909091;1,855061818;3,83752087;2,805745281;3,769953659;202,5677612;1,554093748;3,546551956;2,480614781;3,41202326;202,2665653;1,290321479;3,18410149;2,131120894;3,091121451;201,9431007;0,941220989;2,801945985;1,810731028;2,72831999;201,5899519;0,587129072;2,476430423;1,4679215;2,377715019;201,2653249;0,272657406;2,067535272;1,077216769;2,031465301;200,8921363;-0,077890364;1,727546577;0,790770975;1,761963235;200,6433817;-0,218083959;1,597987703;0,711599321;1,71637606;200,6517413;-0,178682507;1,648918379;0,775876049;1,74788858;200,7334288;-0,114336518;1,734227398;0,890970095;1,891127533;200,8719536;0,067138364;1,851793748;0,991833868;2,053563877;201,0329483;0,212305902;2,017111321;1,158874027;2,179982695;201,160433;0,33979064;2,14459606;1,286358766;2,307467433;201,2879178;0,467275379
;;;;;;;;;;;;;;;;;;;;;;;;;;;;;;;;;;;;;;;;;;;;;;;;;;;;;;;;;;;;ERROS PERCENTUAIS;1,45;92,92;49,57;71,03;27,33;1,39;83,01;7,23;28,64;42,31;0,35;88,32
;;;;;;;;;;;;;;;;;;;;;;;;;;;;;;;;;;;;;;;;;;;;;;;;;;;;;;;;;;;;;;;;;;;;;;;;
MM6;;;;;;;;;;;;;;;;;;;;;;;;;;;;;;;;;;;;;;;;;;;;;;;;;;;;;;;;;;;;EPAM;69,93627098;DP;74,98937379;;;;;;;;;
serie;300;1;3;3;0;4;303;4;4;4;0;3;302;4;2;2;1;4;301;1;1;0;3;1;302;1;1;3;1;0;304;0;4;2;0;0;304;3;1;3;0;2;300;4;2;3;0;2;303;0;1;3;4;2;302;1;4;1;3;4;300;4;2;3;1;2;303;1;1;3;4;2
projecao;0;0;0;0;0;0;300,0740741;1,225051852;3,402179917;3,499157573;0,598065894;4,646080318;301,1565759;2,229748954;4,049313285;4,011834111;0,798620278;4,684088306;301,5930614;2,712082275;3,726219796;3,580120651;0,538632367;4,299215247;301,0079527;1,927271375;2,734908627;2,426680787;0,456860628;3,21119533;300,538919;1,24716;1,899206222;2,124702019;0,139980086;2,300054712;300,7093854;0,705944255;2,073285244;1,852562845;-0,046282298;1,828953939;301,2640188;0,940650489;1,845586659;2,053523475;0,013619688;1,941045863;301,1853232;1,719006919;2,00101661;2,285400118;0,087063704;2,226560724;301,7696457;1,719353911;2,18540016;2,912355297;1,136160746;2,570053215;302,2809822;2,104330505;3,025440162;3,123375593;2,041906655;3,351187053;302,7852784;2,608626646;3,529736302;3,627671733;2,546202796;3,855483193
;;;;;;;;;;;;;;;;;;;;;;;;;;;;;;;;;;;;;;;;;;;;;;;;;;;;;;;;;;;;ERROS PERCENTUAIS;0,76;47,39;51,27;4,11;104,19;67,56;0,07;160,86;252,97;20,92;36,34;92,77
;;;;;;;;;;;;;;;;;;;;;;;;;;;;;;;;;;;;;;;;;;;;;;;;;;;;;;;;;;;;;;;;;;;;;;;;
MM7;;;;;;;;;;;;;;;;;;;;;;;;;;;;;;;;;;;;;;;;;;;;;;;;;;;;;;;;;;;;EPAM;44,89355691;DP;44,36820263;;;;;;;;;
serie;403;3;2;3;0;1;0;400;4;3;4;1;2;3;401;2;4;1;2;3;3;402;4;4;0;4;0;0;402;0;3;3;4;3;3;403;0;0;3;0;4;3;403;4;3;0;0;0;1;403;1;0;2;2;4;1;402;1;0;0;1;4;3;403;4;3;1;1;1;1;403;1
projecao;0;0;0;0;0;0;0;0;0;0;0;0,005830904;1,015872012;0,025911121;400,0561472;4,0661754;3,045896652;4,055916102;0,142189825;1,159536021;0,493693118;400,1979601;3,740165495;3,222175464;3,595843882;0,455597412;1,487775398;0,894500297;400,4532439;3,748626207;3,272215414;2,942103574;0,969284142;1,199051493;0,732790504;400,7103145;3,174880092;3,255470165;2,948117104;1,446433144;1,436487151;1,051637097;401,0294305;2,625083489;2,738726795;2,991098301;1,222019378;1,84988352;1,323408962;401,2817242;2,780199631;2,685271969;2,392089017;0,928568829;1,479489681;1,238525557;401,5211139;2,452934407;2,217846141;2,314954815;1,087415052;1,857286523;1,153964755;401,552479;2,17336494;2,182950828;2,280059502;1,052519739;1,82239121;1,119069443;401,5175836;2,138469627
;;;;;;;;;;;;;;;;;;;;;;;;;;;;;;;;;;;;;;;;;;;;;;;;;;;;;;;;;;;;ERROS PERCENTUAIS;8,74;53,57;61,53;0,36;45,67;27,23;128,01;5,25;82,24;11,91;0,37;113,85
;;;;;;;;;;;;;;;;;;;;;;;;;;;;;;;;;;;;;;;;;;;;;;;;;;;;;;;;;;;;;;;;;;;;;;;;
MM8;;;;;;;;;;;;;;;;;;;;;;;;;;;;;;;;;;;;;;;;;;;;;;;;;;;;;;;;;;;;EPAM;74,23465868;DP;74,62611983;;;;;;;;;
serie;504;0;1;1;4;0;1;3;504;0;3;3;0;0;4;2;501;4;4;0;4;1;0;3;502;2;1;2;1;2;3;1;501;0;4;4;2;2;1;4;503;3;4;4;0;3;1;3;502;0;2;1;1;1;2;3;504;2;1;4;1;3;1;3;502;1;2;1;1;1;2;3
projecao;0;0;0;0;0;0;0;0;0;0;0;0;4;-0,0516;0,93746564;2,965521973;503,9504977;-0,092932715;2,945940649;2,957482052;3,682731343;-0,08008674;1,106040071;2,84898205;503,7262915;0,116109033;2,948602781;2,679344163;3,616013783;-0,14521349;0,910409762;2,757945726;503,4970858;0,083837364;2,653494425;2,486627391;3,330591421;-0,130831586;0,925435262;2,522525195;503,2577452;0,024361731;2,732573067;2,597594968;3,293963873;0,035267901;0,996902048;2,695573464;503,3315523;0,291941217;2,868980435;2,71743181;3,091366356;0,207678755;0,956583589;2,671489893;503,1985351;0,236195419;2,799666007;2,60907926;2,98562705;0,307859756;1,075174299;2,745572965;503,3048659;0,396789547;2,837852098;2,647265351;3,023813141;0,346045847;1,113360389;2,783759056
;;;;;;;;;;;;;;;;;;;;;;;;;;;;;;;;;;;;;;;;;;;;;;;;;;;;;;;;;;;;ERROS PERCENTUAIS;198,56;89,74;7,52;8,48;0,26;60,32;41,89;164,73;202,38;65,40;44,33;7,21
;;;;;;;;;;;;;;;;;;;;;;;;;;;;;;;;;;;;;;;;;;;;;;;;;;;;;;;;;;;;;;;;;;;;;;;;
MM9;;;;;;;;;;;;;;;;;;;;;;;;;;;;;;;;;;;;;;;;;;;;;;;;;;;;;;;;;;;;EPAM;75,23562628;DP;57,12967271;;;;;;;;;
serie;603;4;3;2;0;2;1;2;4;602;0;1;3;1;4;1;4;3;604;1;4;2;4;3;0;2;1;600;4;4;0;1;1;4;3;1;600;1;4;1;2;2;3;2;2;600;1;3;4;1;4;1;3;0;602;0;0;3;0;1;3;2;2;600;1;3;4;1;4;1;3;1
projecao;0;0;0;0;0;0;0;0;0;0;0;0;0;0;0;1,059259259;2,058660741;4,078262341;602,0675601;0,087158124;1,096651453;3,126340183;1,115619392;4,145294247;0,95619338;1,967058271;3,938117827;601,938873;-0,090473272;0,97068302;2,961930745;0,972569855;3,933505399;0,727939673;1,790847519;3,744341293;601,7570317;-0,210682435;0,811005684;2,744387981;0,796770097;3,740240862;0,608252694;1,642056402;3,547935159;601,5825203;-0,353894608;0,688998993;2,564861146;0,678638173;3,584479936;0,515501675;1,510453127;3,409247767;601,4251593;-0,460113826;0,583725598;2,422088254;0,516299699;3,414646329;0,342103516;1,34201928;3,177130744;601,2666285;-0,625535014;0,403317049;2,259023332;0,336571337;3,245192331;0,172649518;1,172565281;3,007676745
;;;;;;;;;;;;;;;;;;;;;;;;;;;;;;;;;;;;;;;;;;;;;;;;;;;;;;;;;;;;ERROS PERCENTUAIS;88,60;32,90;58,86;0,21;162,55;86,56;43,52;66,34;18,87;82,74;60,91;200,77
;;;;;;;;;;;;;;;;;;;;;;;;;;;;;;;;;;;;;;;;;;;;;;;;;;;;;;;;;;;;;;;;;;;;;;;;
MM10;;;;;;;;;;;;;;;;;;;;;;;;;;;;;;;;;;;;;;;;;;;;;;;;;;;;;;;;;;;;EPAM;54,34128241;DP;50,10670515;;;;;;;;;
serie;704;0;2;3;2;2;3;3;2;3;700;2;3;1;0;1;2;2;1;1;703;1;1;3;2;0;4;4;4;1;701;0;1;3;0;2;3;3;3;4;700;2;4;3;2;1;4;1;0;3;704;2;2;4;1;1;0;1;2;2;700;2;4;3;2;1;4;1;1;3;704;2
projecao;0;0;0;0;0;0;0;0;0;0;703,9;-0,14875;1,868359375;2,878126758;1,85310115;1,823693045;2,802519789;2,779551966;1,754864941;2,728537624;703,5495422;-0,420544429;1,562669127;2,50491656;1,489023677;1,484510551;2,446349755;2,442472458;1,442544774;2,449126243;703,2947205;-0,667553566;1,292374316;2,252350234;1,244325557;1,20330104;2,224530103;2,217463909;1,222302636;2,182089018;703,0608175;-0,87287102;1,112040042;2,134499669;1,128611696;1,154918499;2,190010214;2,219534469;1,235374705;2,179065919;703,0106702;-0,802502951;1,202948255;2,200343623;1,222058064;1,242738914;2,311654413;2,274915222;1,294851666;2,287963709;703,117032;-0,683671435;1,27130709;2,266071412;1,240688862;1,254855242;2,297792404;2,292289149;1,345620336;2,321129177;703,155928;-0,644775489
;;;;;;;;;;;;;;;;;;;;;;;;;;;;;;;;;;;;;;;;;;;;;;;;;;;;;;;;;;;;ERROS PERCENTUAIS;0,45;134,18;68,22;24,46;37,97;25,49;42,56;129,23;34,56;22,63;0,12;132,24
;;;;;;;;;;;;;;;;;;;;;;;;;;;;;;;;;;;;;;;;;;;;;;;;;;;;;;;;;;;;;;;;;;;;;;;;
MM11;;;;;;;;;;;;;;;;;;;;;;;;;;;;;;;;;;;;;;;;;;;;;;;;;;;;;;;;;;;;EPAM;75,07668779;DP;100,4439052;;;;;;;;;
serie;0;0;0;0;0;0;0;0;0;0;0;0;0;3;4;3;1;0;3;4;2;1;801;1;2;0;0;0;2;1;2;4;4;802;4;2;3;1;0;1;0;2;4;2;802;4;3;4;2;4;0;4;0;4;0;802;2;0;4;0;4;1;4;1;4;1;802;2;1;4;1;4
projecao;0;0;0;0;0;0;0;0;0;0;0;0;0;0;0;0;0;0;0;0;0;0;0;0;0;0;0;1,068870523;0,058074931;3,077581487;4,05668522;2,035792246;1,055304623;801,0849163;1,09432346;2,123927071;0,123222252;0,15281216;1,303124221;0,320676392;3,288520982;4,256358262;2,2738915;1,301322005;801,2887481;1,316171062;2,313888243;0,351396917;0,369095447;1,506518266;0,582604071;3,499362872;4,516504208;2,551830458;1,567250267;801,5328552;1,57805488;2,533838887;0,568617787;0,56428824;1,688198473;0,70854669;3,641564359;4,603688301;2,743340189;1,714391156;801,7159313;1,756087612;2,678423232;0,79788292;0,719625984;1,854765553
;;;;;;;;;;;;;;;;;;;;;;;;;;;;;;;;;;;;;;;;;;;;;;;;;;;;;;;;;;;;ERROS PERCENTUAIS;57,80;29,15;8,96;360,37;31,42;71,44;0,04;12,20;167,84;80,05;28,04;53,63
;;;;;;;;;;;;;;;;;;;;;;;;;;;;;;;;;;;;;;;;;;;;;;;;;;;;;;;;;;;;;;;;;;;;;;;;
MM12;;;;;;;;;;;;;;;;;;;;;;;;;;;;;;;;;;;;;;;;;;;;;;;;;;;;;;;;;;;;EPAM;0,092267781;DP;0,263475285;;;;;;;;;
serie;214;220;240;230;220;210;180;160;170;180;190;210;210;220;240;230;220;210;180;160;170;180;190;210;210;220;240;230;220;210;180;160;170;180;190;210;210;220;240;230;220;210;180;160;170;180;190;210;210;220;240;230;220;210;180;160;170;180;190;210;210;220;240;230;220;210;180;160;170;180;190;210
projecao;0;0;0;0;0;0;0;0;0;0;0;0;213,9166667;219,6640417;239,6289193;229,6009337;219,5801339;209,5664621;179,5597603;159,5597769;169,566176;179,5785456;189,5964078;209,6192289;212,9677636;219,4309045;239,43808;229,4519596;219,4719997;209,4976103;179,5281656;159,5630135;169,6014852;179,6429043;189,6865954;209,7318925;212,5946373;219,6482681;239,6745638;229,7021597;219,7306659;209,7597219;179,7889982;159,8181964;169,84705;179,8753231;189,9028102;209,9293343;212,3431297;219,8568908;239,8654402;229,8732117;219,8802662;209,8866903;179,8925917;159,8980936;169,9033295;179,908438;189,913558;209,918824;211,9497112;219,9759758;239,9914338;230,0047085;220,0159253;210,0252241;180,0327579;160,0386906;170,0431952;180,0464518;190,0486459;210,0499664
;;;;;;;;;;;;;;;;;;;;;;;;;;;;;;;;;;;;;;;;;;;;;;;;;;;;;;;;;;;;ERROS PERCENTUAIS;0,93;0,01;0,00;0,00;0,01;0,01;0,02;0,02;0,03;0,03;0,03;0,02
;;;;;;;;;;;;;;;;;;;;;;;;;;;;;;;;;;;;;;;;;;;;;;;;;;;;;;;;;;;;;;;;;;;;;;;;
MM12;;;;;;;;;;;;;;;;;;;;;;;;;;;;;;;;;;;;;;;;;;;;;;;;;;;;;;;;;;;;EPAM;0,712168729;DP;0,354097576;;;;;;;;;
serie;56;66;88;82;72;65;36;18;30;43;54;79;78;90;112;107;97;91;60;43;56;68;79;100;102;115;136;131;121;112;86;67;78;91;102;124;127;139;161;152;146;136;111;91;105;115;129;149;150;163;187;176;171;163;134;115;128;139;152;173;175;188;212;201;196;188;159;140;153;164;177;198
projecao;0;0;0;0;0;0;0;0;0;0;0;0;80,20833333;90,18602917;112,1839294;106,1818323;96,18983798;89,1978446;60,21595138;42,21385549;54,22185917;67,23996063;78,24795708;103,2559488;104,0820683;114,381518;136,3880348;130,5428471;120,5461568;113,7078785;84,37101246;66,54607804;78,70783858;91,53951125;102,5328139;126,8925309;127,9077035;138,6462576;160,4902619;154,7875866;144,757257;137,5838624;108,7762198;90,7705861;102,7455395;115,6332551;126,6264288;150,6414688;151,983712;162,9113748;184,7774669;178,5698238;169,1802984;161,565219;133,3914753;115,0542018;127,3474784;139,7619923;151,2303788;174,5934554;175,8820307;187,1580506;209,3615202;202,3725731;193,7043342;186,010192;157,6911836;139,2427502;151,6484205;163,8321916;175,5507232;198,5316329
;;;;;;;;;;;;;;;;;;;;;;;;;;;;;;;;;;;;;;;;;;;;;;;;;;;;;;;;;;;;ERROS PERCENTUAIS;0,50;0,45;1,24;0,68;1,17;1,06;0,82;0,54;0,88;0,10;0,82;0,27
